year,head_to_head,result,fifa_rank_diff,home_form_total,away_form_total,stage_encoded,home_team_encoded,away_team_encoded
1930,0,home team win,0,0.39999999999999997,0.7000000000000001,0,27,45
1930,0,home team win,0,1.5,0.6,0,78,5
1930,0,home team win,0,1.0,0.7000000000000001,0,82,8
1930,0,home team win,0,0.6,0.0,0,56,55
1930,0,home team win,0,0.3,0.39999999999999997,0,2,29
1930,0,home team win,0,0.3,1.4,0,12,45
1930,0,home team win,0,2.4,0.0,0,82,6
1930,0,home team win,0,3.5999999999999996,0.39999999999999997,0,78,54
1930,0,home team win,0,0.19999999999999998,0.7,0,79,55
1930,0,home team win,0,1.0,1.05,0,2,45
1930,0,home team win,0,2.3999999999999995,0.39999999999999997,0,12,29
1930,0,home team win,0,0.7000000000000001,0.0,0,8,6
1930,0,home team win,0,0.39999999999999997,0.6,0,50,5
1930,0,home team win,0,0.8999999999999999,0.6,0,79,60
1930,0,home team win,0,2.7499999999999996,0.3,0,2,12
1930,0,home team win,0,2.6333333333333333,1.5,1,2,82
1930,0,home team win,0,1.95,1.0,1,79,86
1930,0,home team win,0,2.7666666666666666,0.3,2,79,2
1934,0,home team win,0,1.5999999999999999,1.0999999999999999,3,68,8
1934,0,home team win,0,0.09999999999999999,1.2999999999999998,3,70,47
1934,0,home team win,0,1.0,0.6,3,69,2
1934,0,home team win,0,0.7000000000000001,1.2,3,37,82
1934,0,home team win,0,0.7000000000000001,1.0,3,20,60
1934,0,home team win,0,0.6,0.7000000000000001,3,28,5
1934,0,home team win,0,0.7999999999999999,0.6,3,4,29
1934,0,home team win,0,0.5,0.3,3,33,25
1934,0,home team win,0,2.8999999999999995,0.5,4,4,35
1934,0,home team win,0,2.1,0.09999999999999999,4,20,74
1934,0,home team win,0,4.1,1.0,4,28,73
1934,0,draw,0,5.6,1.5999999999999999,4,37,72
1934,0,home team win,0,3.5,2.3,4,37,72
1934,0,home team win,0,2.45,0.6,1,20,30
1934,0,home team win,0,2.8,0.7999999999999999,1,37,4
1934,0,home team win,0,3.05,0.7999999999999999,5,28,4
1934,0,home team win,0,1.4,0.7000000000000001,2,37,20
1938,0,draw,0,0.5,0.5,3,70,30
1938,0,home team win,0,0.7000000000000001,1.0999999999999999,3,8,56
1938,0,home team win,0,0.6,1.0,3,20,47
1938,0,home team win,0,1.0,0.19999999999999998,3,37,52
1938,0,home team win,0,0.7000000000000001,0.0,3,33,22
1938,0,home team win,0,1.2999999999999998,0.6,3,27,5
1938,0,draw,0,0.0,0.5,3,18,60
1938,0,home team win,0,2.0999999999999996,2.5999999999999996,3,18,60
1938,0,home team win,0,1.2,1.2,3,70,30
1938,0,draw,0,4.8999999999999995,0.6,4,8,20
1938,0,home team win,0,4.8999999999999995,0.5,4,33,74
1938,0,home team win,0,2.4,1.2999999999999998,4,37,29
1938,0,home team win,0,0.6,0.0,4,69,18
1938,0,home team win,0,3.15,1.2999999999999998,4,8,20
1938,0,home team win,0,2.75,0.7000000000000001,1,37,8
1938,0,home team win,0,3.5,0.7000000000000001,1,33,73
1938,0,home team win,0,2.8,1.4,5,8,73
1938,0,home team win,0,2.6333333333333333,0.7000000000000001,2,37,35
1950,0,home team win,0,1.2,1.0999999999999999,0,8,45
1950,0,home team win,0,1.0999999999999999,0.09999999999999999,0,82,74
1950,0,home team win,0,1.0999999999999999,0.7999999999999999,0,25,12
1950,0,home team win,0,1.0,0.3,0,68,82
1950,0,home team win,0,0.6,0.6,0,69,40
1950,0,home team win,0,3.1999999999999993,1.0999999999999999,0,82,45
1950,0,draw,0,4.0,0.09999999999999999,0,8,74
1950,0,home team win,0,3.0999999999999996,0.7999999999999999,0,68,12
1950,0,home team win,0,0.3,1.0999999999999999,0,78,27
1950,0,draw,0,2.6999999999999997,0.5,0,69,54
1950,0,home team win,0,3.3,1.0999999999999999,0,8,86
1950,0,home team win,0,0.7999999999999999,0.3,0,79,6
1950,0,home team win,0,0.6,1.9,0,37,54
1950,0,home team win,0,0.09999999999999999,1.4499999999999997,0,70,45
1950,0,home team win,0,0.7999999999999999,1.0,0,12,82
1950,0,home team win,0,2.75,1.0999999999999999,0,68,27
1950,1,home team win,0,3.0666666666666664,0.6,6,8,73
1950,0,draw,0,6.3999999999999995,1.0,6,79,72
1950,0,home team win,0,3.7666666666666666,2.4,6,8,72
1950,0,home team win,0,4.3,1.2999999999999998,6,79,73
1950,0,home team win,0,2.35,2.05,6,69,72
1950,0,home team win,0,3.8333333333333326,1.2,6,79,8
1954,0,home team win,0,1.0999999999999999,0.39999999999999997,0,79,20
1954,0,home team win,0,0.7000000000000001,0.39999999999999997,0,4,63
1954,0,home team win,0,0.39999999999999997,0.6,0,82,29
1954,1,home team win,0,1.2,1.0999999999999999,0,8,45
1954,0,home team win,0,0.8999999999999999,0.5,0,70,40
1954,0,home team win,0,1.0999999999999999,0.6,0,33,70
1954,0,home team win,0,0.0,0.39999999999999997,0,81,79
1954,0,draw,0,0.39999999999999997,0.8999999999999999,0,25,5
1954,0,home team win,0,2.5,0.39999999999999997,0,79,63
1954,1,draw,0,4.7,0.39999999999999997,0,8,86
1954,0,home team win,0,1.4,0.39999999999999997,0,4,20
1954,1,home team win,0,0.6,1.0999999999999999,0,27,45
1954,0,home team win,0,7.3999999999999995,0.0,0,33,85
1954,0,home team win,0,0.39999999999999997,0.6,0,75,70
1954,0,home team win,0,0.5,3.6999999999999997,0,37,5
1954,0,home team win,0,3.1999999999999997,0.8999999999999999,0,25,74
1954,1,home team win,0,2.8,1.0999999999999999,0,81,79
1954,1,home team win,0,2.3,1.2,0,70,40
1954,0,home team win,0,4.25,0.39999999999999997,4,79,27
1954,0,home team win,0,2.8,0.8999999999999999,4,4,74
1954,0,home team win,0,7.049999999999999,1.2,4,33,8
1954,0,home team win,0,3.8499999999999996,1.0999999999999999,4,81,86
1954,0,home team win,0,5.999999999999999,1.0999999999999999,1,33,83
1954,0,home team win,0,3.0333333333333328,0.7000000000000001,1,81,4
1954,0,home team win,0,3.733333333333333,2.5,5,4,83
1954,0,home team win,0,3.5,1.0999999999999999,2,81,35
1958,0,away team win,0,0.39999999999999997,0.0,0,2,85
1958,0,home team win,0,0.7999999999999999,1.0999999999999999,0,69,45
1958,0,home team win,0,0.5,0.6,0,47,20
1958,0,home team win,0,0.39999999999999997,0.3,0,27,54
1958,0,draw,0,0.7999999999999999,0.6,0,82,63
1958,0,draw,0,0.3,0.19999999999999998,0,33,84
1958,0,home team win,0,1.0,0.7000000000000001,0,8,4
1958,0,draw,0,0.0,0.3,0,67,27
1958,0,draw,0,1.0999999999999999,0.8999999999999999,0,41,84
1958,0,draw,0,3.0999999999999996,1.7,0,8,27
1958,1,home team win,0,1.5,0.39999999999999997,0,82,29
1958,0,home team win,0,1.4,0.7000000000000001,0,67,4
1958,0,draw,0,0.0,0.6,0,81,20
1958,0,home team win,0,0.3,1.2999999999999998,0,50,63
1958,0,home team win,0,1.0999999999999999,0.5,0,2,51
1958,0,home team win,0,2.8999999999999995,0.3,0,69,35
1958,0,home team win,0,2.05,0.0,0,8,71
1958,0,draw,0,0.3,0.7000000000000001,0,25,4
1958,0,draw,0,2.3999999999999995,0.7999999999999999,0,50,86
1958,0,home team win,0,1.0,1.0999999999999999,0,33,45
1958,0,draw,0,1.4,1.2,0,81,51
1958,0,home team win,0,0.6,0.39999999999999997,0,20,2
1958,0,draw,0,2.55,0.8999999999999999,0,69,84
1958,0,home team win,0,5.3,1.65,0,27,63
1958,1,home team win,0,1.2,1.2999999999999998,0,47,20
1958,0,home team win,0,0.19999999999999998,1.0,0,80,35
1958,0,home team win,0,1.4,1.0,0,67,27
1958,1,home team win,0,1.4,2.8999999999999995,4,81,86
1958,0,home team win,0,2.166666666666667,0.6666666666666666,4,8,84
1958,0,home team win,0,3.55,1.5499999999999998,4,27,51
1958,0,home team win,0,1.9666666666666668,0.0,4,69,71
1958,0,home team win,0,1.7333333333333332,2.0999999999999996,1,69,85
1958,0,home team win,0,1.7,1.7999999999999998,1,8,29
1958,0,home team win,0,3.4333333333333327,1.4,5,27,85
1958,2,home team win,0,2.8666666666666663,0.7999999999999999,2,8,73
1962,0,home team win,0,0.39999999999999997,0.19999999999999998,0,79,15
1962,0,home team win,0,0.5,1.0,0,12,74
1962,2,home team win,0,0.7000000000000001,0.5,0,8,45
1962,0,home team win,0,0.3,0.19999999999999998,0,2,9
1962,0,home team win,0,0.7000000000000001,0.5,0,20,72
1962,0,home team win,0,0.39999999999999997,1.0,0,33,27
1962,0,home team win,0,0.0,1.0,0,67,86
1962,0,draw,0,0.0,0.8999999999999999,0,81,40
1962,0,home team win,0,1.0,0.39999999999999997,0,82,83
1962,0,home team win,0,2.5999999999999996,0.8999999999999999,0,12,40
1962,1,draw,0,2.1,0.7000000000000001,0,8,20
1962,0,home team win,0,1.0,0.3,0,25,2
1962,0,home team win,0,1.7999999999999998,0.19999999999999998,0,33,9
1962,0,draw,0,1.4,0.8999999999999999,0,67,15
1962,0,home team win,0,0.0,1.7,0,81,74
1962,0,home team win,0,0.5,0.5,0,68,45
1962,0,draw,0,3.1999999999999997,1.0,0,33,2
1962,1,home team win,0,1.4,0.5,0,8,72
1962,0,home team win,0,0.7,0.5,0,81,12
1962,0,home team win,0,2.0999999999999996,1.0999999999999999,0,67,83
1962,0,home team win,0,3.0999999999999996,1.95,0,82,15
1962,0,home team win,0,0.8999999999999999,1.7,0,37,74
1962,0,home team win,0,0.5,0.7000000000000001,0,41,20
1962,0,draw,0,3.0999999999999996,0.5499999999999999,0,25,9
1962,0,home team win,0,1.4,0.39999999999999997,4,20,35
1962,0,home team win,0,3.8,0.0,4,82,85
1962,0,home team win,0,1.6333333333333333,1.7,4,8,27
1962,0,home team win,0,2.25,0.0,4,12,71
1962,0,home team win,0,1.8666666666666667,0.5,1,8,12
1962,0,home team win,0,1.4,1.0,1,20,86
1962,0,home team win,0,2.1333333333333333,1.35,5,12,86
1962,1,home team win,0,2.8,1.05,2,8,20
1966,0,draw,0,0.8999999999999999,0.09999999999999999,0,25,83
1966,1,home team win,0,0.0,0.39999999999999997,0,81,74
1966,0,home team win,0,0.6,0.5,0,8,9
1966,0,home team win,0,0.0,1.0,0,67,50
1966,0,home team win,0,0.8999999999999999,0.39999999999999997,0,37,12
1966,0,home team win,0,0.7000000000000001,0.39999999999999997,0,53,35
1966,0,home team win,0,0.19999999999999998,0.09999999999999999,0,2,72
1966,2,draw,0,0.3,0.19999999999999998,0,27,45
1966,0,home team win,0,0.09999999999999999,0.3,0,79,29
1966,0,home team win,0,0.09999999999999999,0.39999999999999997,0,68,74
1966,1,home team win,0,0.39999999999999997,0.6,0,33,8
1966,0,draw,0,0.39999999999999997,1.0,0,12,50
1966,0,draw,0,1.5999999999999999,0.0,0,2,85
1966,0,home team win,0,2.8,0.5,0,53,9
1966,0,home team win,0,2.0999999999999996,0.8999999999999999,0,67,40
1966,0,home team win,0,0.8999999999999999,0.8999999999999999,0,25,45
1966,0,home team win,0,1.0,0.8999999999999999,0,46,40
1966,0,home team win,0,2.8,1.2999999999999998,0,53,8
1966,0,draw,0,0.19999999999999998,0.09999999999999999,0,41,83
1966,0,home team win,0,0.8999999999999999,0.75,0,2,74
1966,0,home team win,0,1.5999999999999999,1.0,0,25,29
1966,0,home team win,0,3.5,0.7999999999999999,0,81,72
1966,1,home team win,0,2.4999999999999996,0.5,0,33,9
1966,0,home team win,0,1.4,0.39999999999999997,0,67,12
1966,0,home team win,0,2.4499999999999997,0.09999999999999999,4,81,83
1966,0,home team win,0,1.4,1.0999999999999999,4,67,35
1966,1,home team win,0,1.833333333333333,0.19999999999999998,4,25,2
1966,0,home team win,0,2.8,1.35,4,53,50
1966,0,home team win,0,2.5666666666666664,0.0,1,81,71
1966,0,home team win,0,2.0666666666666664,0.7000000000000001,1,25,57
1966,0,home team win,0,3.2666666666666666,0.7,5,53,71
1966,0,home team win,0,2.0666666666666664,0.0,2,25,85
1970,0,draw,0,1.0,0.0,0,41,71
1970,0,home team win,0,0.5,0.6,0,79,39
1970,0,home team win,0,0.8999999999999999,0.09999999999999999,0,25,60
1970,0,home team win,0,0.6,0.39999999999999997,0,51,9
1970,0,home team win,0,0.3,0.0,0,5,26
1970,0,home team win,0,0.39999999999999997,0.3,0,37,73
1970,2,home team win,0,0.3,0.6,0,8,20
1970,0,home team win,0,0.0,0.3,0,81,46
1970,0,home team win,0,0.09999999999999999,1.2999999999999998,0,56,20
1970,0,home team win,0,2.6999999999999997,1.0,0,51,46
1970,0,home team win,0,0.0,0.3,0,67,5
1970,0,draw,0,1.9,0.39999999999999997,0,79,40
1970,0,home team win,0,1.4,1.7999999999999998,0,81,9
1970,1,home team win,0,3.0999999999999996,0.8999999999999999,0,8,27
1970,0,home team win,0,1.0,0.0,0,41,26
1970,0,draw,0,0.3,0.6,0,69,39
1970,0,home team win,0,2.8,0.0,0,67,26
1970,0,home team win,0,1.0,0.5,0,69,83
1970,0,home team win,0,2.05,0.09999999999999999,0,8,60
1970,0,home team win,0,2.4499999999999997,0.6,0,81,55
1970,0,home team win,0,2.4,1.0,0,41,5
1970,0,draw,0,1.0999999999999999,0.95,0,37,39
1970,0,home team win,0,1.5999999999999999,1.2999999999999998,0,25,20
1970,0,draw,0,0.39999999999999997,0.6499999999999999,0,9,46
1970,1,away team win,0,2.0999999999999996,0.5,4,67,83
1970,0,home team win,0,2.1666666666666665,1.2999999999999998,4,8,55
1970,0,home team win,0,0.75,1.0,4,37,45
1970,0,home team win,0,2.3333333333333335,0.8999999999999999,4,81,27
1970,0,home team win,0,1.5666666666666667,0.0,1,37,85
1970,0,home team win,0,2.1666666666666665,0.85,1,8,83
1970,1,home team win,0,2.5666666666666664,0.9666666666666666,5,81,83
1970,0,home team win,0,2.6333333333333333,0.39999999999999997,2,8,40
1974,1,draw,0,0.39999999999999997,0.39999999999999997,0,8,86
1974,1,home team win,0,0.0,0.19999999999999998,0,81,12
1974,0,home team win,0,0.0,0.3,0,22,3
1974,0,away team win,0,0.0,0.39999999999999997,0,83,63
1974,0,draw,0,0.0,0.6,0,69,9
1974,0,away team win,0,0.6,0.5,0,79,47
1974,0,home team win,0,0.09999999999999999,0.0,0,37,33
1974,0,home team win,0,0.6,0.39999999999999997,0,52,2
1974,0,home team win,0,0.39999999999999997,0.0,0,82,87
1974,0,draw,0,0.39999999999999997,0.39999999999999997,0,59,8
1974,0,away team win,0,0.3,0.0,0,3,85
1974,0,draw,0,0.19999999999999998,0.0,0,12,23
1974,0,away team win,0,0.0,0.6,0,31,56
1974,0,draw,0,0.6,0.6,0,9,83
1974,0,draw,0,0.5,0.0,0,43,73
1974,0,draw,0,0.39999999999999997,0.09999999999999999,0,2,40
1974,0,home team win,0,1.4,2.0999999999999996,0,22,85
1974,0,away team win,0,0.0,0.39999999999999997,0,83,8
1974,0,draw,0,0.3,0.19999999999999998,0,3,12
1974,0,draw,0,0.39999999999999997,0.39999999999999997,0,59,86
1974,0,away team win,0,1.2999999999999998,1.9,0,9,47
1974,1,home team win,0,0.0,1.2999999999999998,0,69,83
1974,0,home team win,0,1.0999999999999999,0.7,0,2,33
1974,0,home team win,0,2.6999999999999997,0.7999999999999999,0,52,40
1974,0,away team win,0,1.0499999999999998,5.499999999999999,7,69,56
1974,1,away team win,0,6.7,1.0499999999999998,7,82,85
1974,0,home team win,0,0.39999999999999997,0.7,7,8,23
1974,0,home team win,0,0.5,1.7999999999999998,7,43,2
1974,0,away team win,0,2.15,1.4499999999999997,7,2,8
1974,0,away team win,0,1.0499999999999998,2.5999999999999996,7,22,47
1974,0,home team win,0,2.35,0.75,7,52,86
1974,0,home team win,0,0.7,0.0,7,81,73
1974,0,home team win,0,1.9,1.5666666666666667,7,43,8
1974,0,home team win,0,0.7,0.8666666666666666,7,69,86
1974,0,away team win,0,2.2333333333333334,1.1666666666666667,7,52,85
1974,0,draw,0,1.7999999999999998,0.35,7,2,23
1974,1,away team win,0,0.75,3.4,5,8,56
1974,0,away team win,0,1.9,0.7,2,43,85
1978,1,draw,0,0.0,0.8999999999999999,0,81,56
1978,1,home team win,0,0.3,0.5,0,37,29
1978,0,home team win,0,0.19999999999999998,0.09999999999999999,0,74,45
1978,0,home team win,0,0.5,0.39999999999999997,0,2,35
1978,0,home team win,0,0.09999999999999999,0.5,0,4,72
1978,3,draw,0,0.6,0.39999999999999997,0,8,73
1978,0,home team win,0,0.7000000000000001,0.5,0,43,37
1978,0,home team win,0,0.3,0.19999999999999998,0,51,63
1978,1,home team win,0,1.9,1.2,0,2,29
1978,0,home team win,0,0.0,0.7999999999999999,0,81,45
1978,1,home team win,0,1.7,1.0999999999999999,0,37,35
1978,0,home team win,0,0.8999999999999999,0.19999999999999998,0,52,78
1978,0,draw,0,0.19999999999999998,0.5,0,59,37
1978,0,home team win,0,1.5,1.0999999999999999,0,4,73
1978,2,draw,0,1.2999999999999998,1.2,0,8,72
1978,0,draw,0,2.8,0.3,0,43,55
1978,0,away team win,0,1.9,0.3,0,2,40
1978,0,draw,0,2.0999999999999996,0.19999999999999998,0,81,78
1978,0,home team win,0,0.5,1.0999999999999999,0,27,35
1978,0,home team win,0,1.5999999999999999,0.44999999999999996,0,52,45
1978,1,home team win,0,0.95,0.09999999999999999,0,8,4
1978,0,home team win,0,0.5,0.75,0,68,73
1978,0,home team win,0,2.3999999999999995,0.85,0,51,37
1978,0,home team win,0,0.8999999999999999,0.7000000000000001,0,59,47
1978,0,home team win,0,1.4333333333333331,0.8999999999999999,7,2,56
1978,0,away team win,0,1.15,2.1,7,4,47
1978,1,draw,0,2.05,0.0,7,37,85
1978,1,home team win,0,1.0666666666666667,0.3,7,8,55
1978,0,away team win,0,2.7499999999999996,0.8999999999999999,7,51,56
1978,1,home team win,0,1.4666666666666668,0.09999999999999999,7,37,4
1978,0,draw,0,1.75,0.0,7,43,85
1978,0,draw,0,1.4333333333333331,0.6,7,2,8
1978,1,home team win,0,1.5333333333333332,1.1333333333333333,7,8,56
1978,0,home team win,0,0.9666666666666666,0.3,7,2,55
1978,0,home team win,0,1.0333333333333332,0.7,7,4,85
1978,0,away team win,0,1.2333333333333332,3.15,7,37,47
1978,1,home team win,0,2.2333333333333334,1.0,5,8,40
1978,0,home team win,0,2.3666666666666663,2.8,2,2,47
1982,0,away team win,0,0.39999999999999997,0.6,0,2,5
1982,1,home team win,0,1.0999999999999999,0.0,0,8,71
1982,0,draw,0,0.09999999999999999,0.39999999999999997,0,37,56
1982,0,draw,0,0.39999999999999997,0.3,0,51,10
1982,0,home team win,0,0.5,0.7999999999999999,0,33,26
1982,0,home team win,0,0.3,0.19999999999999998,0,59,48
1982,0,away team win,0,0.0,0.39999999999999997,0,81,0
1982,1,home team win,0,0.7000000000000001,0.39999999999999997,0,25,29
1982,0,draw,0,0.6,0.3,0,68,34
1982,0,draw,0,0.39999999999999997,0.09999999999999999,0,20,44
1982,0,draw,0,0.6,0.3,0,82,51
1982,0,away team win,0,0.3,0.6,0,12,4
1982,0,draw,0,0.09999999999999999,0.39999999999999997,0,37,55
1982,1,home team win,0,0.39999999999999997,0.5,0,2,35
1982,0,home team win,0,2.5,0.3,0,8,63
1982,0,draw,0,0.39999999999999997,0.3,0,52,10
1982,1,home team win,0,0.6,1.5,0,5,26
1982,0,home team win,0,0.0,1.5999999999999999,0,67,48
1982,0,home team win,0,1.2999999999999998,0.6,0,68,86
1982,2,home team win,0,0.7,0.3,0,81,12
1982,1,home team win,0,2.8,0.39999999999999997,0,25,20
1982,0,draw,0,0.3,0.3,0,32,51
1982,0,away team win,0,0.39999999999999997,1.2999999999999998,0,0,4
1982,0,home team win,0,0.39999999999999997,0.7999999999999999,0,27,44
1982,1,home team win,0,0.39999999999999997,1.0999999999999999,0,52,55
1982,0,draw,0,1.2999999999999998,1.2,0,5,35
1982,0,draw,0,2.0999999999999996,1.0,0,67,63
1982,0,draw,0,0.44999999999999996,0.3,0,37,10
1982,0,home team win,0,1.7999999999999998,1.15,0,2,26
1982,0,home team win,0,3.1999999999999993,0.8999999999999999,0,8,48
1982,0,draw,0,3.1999999999999997,0.39999999999999997,0,27,20
1982,0,home team win,0,0.39999999999999997,1.0,0,0,12
1982,0,away team win,0,1.0,1.2999999999999998,0,32,86
1982,1,home team win,0,1.75,1.65,0,81,4
1982,0,home team win,0,2.45,0.7999999999999999,0,25,44
1982,0,away team win,0,1.65,0.6499999999999999,0,68,51
1982,1,away team win,0,0.6,1.0999999999999999,7,4,29
1982,0,home team win,0,2.15,1.2999999999999998,7,52,5
1982,1,draw,0,1.4,0.7000000000000001,7,81,27
1982,1,home team win,0,0.5666666666666667,0.39999999999999997,7,37,2
1982,0,away team win,0,1.2999999999999998,0.7,7,5,71
1982,0,draw,0,0.6,0.7666666666666666,7,4,51
1982,0,away team win,0,1.7999999999999998,1.0999999999999999,7,2,8
1982,1,home team win,0,1.1666666666666667,0.6,7,81,72
1982,1,home team win,0,2.15,1.2333333333333332,7,27,51
1982,0,draw,0,1.75,0.39999999999999997,7,67,56
1982,1,home team win,0,1.0333333333333332,3.1999999999999993,7,37,8
1982,1,draw,0,1.2999999999999998,0.7000000000000001,7,68,27
1982,1,away team win,0,2.2666666666666666,0.09999999999999999,1,52,40
1982,0,home team win,0,0.7,1.0999999999999999,1,81,29
1982,0,home team win,0,2.2666666666666666,1.5666666666666667,5,52,29
1982,1,home team win,0,1.5,0.0,2,37,85
1986,0,draw,0,0.6,0.5,0,9,40
1986,1,away team win,0,0.7999999999999999,0.7999999999999999,0,68,8
1986,0,away team win,0,0.19999999999999998,0.39999999999999997,0,11,29
1986,0,home team win,0,0.09999999999999999,1.0,0,2,70
1986,1,home team win,0,0.0,0.6,0,67,35
1986,0,draw,0,0.09999999999999999,0.19999999999999998,0,42,56
1986,0,draw,0,0.5,0.3,0,0,51
1986,0,home team win,0,0.39999999999999997,0.5,0,53,27
1986,0,away team win,0,0.3,0.39999999999999997,0,5,45
1986,0,home team win,0,0.5,0.3,0,50,38
1986,0,draw,0,0.09999999999999999,0.0,0,79,85
1986,0,away team win,0,0.39999999999999997,0.09999999999999999,0,59,21
1986,2,draw,0,0.5,0.09999999999999999,0,37,2
1986,0,draw,0,0.39999999999999997,0.0,0,27,71
1986,0,draw,0,1.0,0.6,0,66,9
1986,0,draw,0,0.5,0.09999999999999999,0,25,46
1986,0,home team win,0,0.6,0.19999999999999998,0,33,11
1986,0,home team win,0,0.7999999999999999,0.5,0,8,0
1986,0,draw,0,0.39999999999999997,0.5,0,41,54
1986,1,away team win,0,0.3,0.7999999999999999,0,47,72
1986,0,home team win,0,0.19999999999999998,0.39999999999999997,0,52,57
1986,0,away team win,0,0.3,0.3,0,36,5
1986,0,home team win,0,0.0,0.39999999999999997,0,81,63
1986,0,home team win,0,0.09999999999999999,0.09999999999999999,0,21,83
1986,0,home team win,0,4.199999999999999,0.19999999999999998,0,67,11
1986,0,away team win,0,2.0,1.0999999999999999,0,33,29
1986,0,away team win,0,1.7,1.2,0,66,40
1986,1,home team win,0,2.1999999999999997,1.2999999999999998,0,2,9
1986,0,away team win,0,1.0999999999999999,0.09999999999999999,0,53,46
1986,0,home team win,0,0.5,0.19999999999999998,0,25,56
1986,0,away team win,0,1.0,1.7999999999999998,0,36,45
1986,1,draw,0,1.2,1.7,0,50,5
1986,0,away team win,0,1.2,2.1999999999999997,0,0,72
1986,0,away team win,0,1.0,1.5,0,47,8
1986,0,home team win,0,4.299999999999999,0.7,0,21,85
1986,0,draw,0,0.39999999999999997,0.7999999999999999,0,59,83
1986,0,home team win,0,1.0999999999999999,0.95,3,41,9
1986,2,away team win,0,2.8,1.7,3,67,5
1986,0,home team win,0,1.85,0.44999999999999996,3,2,83
1986,2,home team win,0,1.5,0.19999999999999998,3,8,56
1986,2,away team win,0,1.2,1.7999999999999998,3,37,29
1986,0,away team win,0,0.09999999999999999,0.35,3,42,85
1986,0,home team win,0,1.5499999999999998,1.2,3,25,54
1986,0,away team win,0,2.9,2.55,3,21,72
1986,1,away team win,0,2.55,1.7999999999999998,4,8,29
1986,1,home team win,0,1.4,1.4499999999999997,4,81,45
1986,0,away team win,0,0.7999999999999999,2.1666666666666665,4,68,5
1986,0,home team win,0,1.5,0.5,4,2,27
1986,0,home team win,0,1.2666666666666668,1.9333333333333333,1,2,5
1986,1,away team win,0,1.0999999999999999,0.4666666666666666,1,27,85
1986,0,away team win,0,1.0,1.7999999999999998,5,5,29
1986,0,home team win,0,1.2666666666666668,0.7,2,2,85
1990,0,away team win,0,0.39999999999999997,0.3,0,2,10
1990,0,away team win,0,0.0,0.7000000000000001,0,67,60
1990,0,away team win,0,0.0,0.3,0,77,15
1990,2,home team win,0,0.09999999999999999,0.7000000000000001,0,37,4
1990,0,away team win,0,0.7999999999999999,0.19999999999999998,0,78,20
1990,3,home team win,0,0.5,1.0999999999999999,0,8,73
1990,3,home team win,0,0.0,0.0,0,81,86
1990,0,home team win,0,0.3,0.39999999999999997,0,16,63
1990,0,draw,0,0.3,0.39999999999999997,0,25,59
1990,0,home team win,0,0.6,0.0,0,5,70
1990,0,draw,0,0.5,0.39999999999999997,0,43,25
1990,0,draw,0,0.3,0.39999999999999997,0,79,72
1990,0,home team win,0,0.39999999999999997,0.0,0,2,71
1990,1,home team win,0,0.7999999999999999,0.7999999999999999,0,37,82
1990,1,home team win,0,0.0,1.7,0,82,15
1990,0,home team win,0,0.3,2.1,0,10,60
1990,1,away team win,0,0.7000000000000001,3.7,0,4,20
1990,0,home team win,0,2.8,0.0,0,81,81
1990,0,home team win,0,1.9,0.3,0,8,16
1990,0,away team win,0,1.0999999999999999,0.39999999999999997,0,69,63
1990,0,draw,0,1.0,0.5,0,25,47
1990,0,draw,0,0.39999999999999997,1.0999999999999999,0,55,25
1990,0,home team win,0,2.0,0.3,0,5,83
1990,0,away team win,0,0.0,0.39999999999999997,0,66,72
1990,0,away team win,0,1.7,0.0,0,10,71
1990,0,draw,0,1.0999999999999999,1.75,0,2,60
1990,0,draw,0,3.15,1.0,0,81,15
1990,0,home team win,0,0.7,0.7,0,82,81
1990,0,home team win,0,0.7000000000000001,0.7999999999999999,0,4,82
1990,1,home team win,0,0.7999999999999999,2.3,0,37,20
1990,1,home team win,0,1.5499999999999998,1.0999999999999999,0,8,63
1990,0,away team win,0,1.7999999999999998,0.3,0,69,16
1990,0,draw,0,0.39999999999999997,0.5,0,55,47
1990,0,home team win,0,0.6499999999999999,0.75,0,25,25
1990,1,away team win,0,2.35,1.4499999999999997,0,5,72
1990,0,away team win,0,0.7,1.0,0,66,83
1990,0,home team win,0,1.0,1.0,3,10,15
1990,0,home team win,0,0.19999999999999998,1.0,3,20,16
1990,2,away team win,0,1.4333333333333331,0.39999999999999997,3,8,2
1990,1,home team win,0,2.3333333333333335,0.85,3,81,47
1990,0,home team win,0,0.75,1.6333333333333333,3,55,60
1990,0,home team win,0,1.0333333333333332,1.0,3,37,83
1990,1,away team win,0,0.39999999999999997,0.7,3,68,86
1990,0,home team win,0,0.7666666666666666,0.6,3,25,5
1990,0,home team win,0,1.0999999999999999,1.0499999999999998,4,2,86
1990,0,away team win,0,0.6333333333333333,0.09999999999999999,4,55,40
1990,0,away team win,0,3.0,0.0,4,20,85
1990,0,away team win,0,1.2333333333333332,0.3,4,10,27
1990,0,home team win,0,1.0999999999999999,0.7999999999999999,1,2,40
1990,1,home team win,0,1.8666666666666665,2.3999999999999995,1,81,27
1990,0,home team win,0,1.2666666666666668,1.7,5,37,27
1990,1,home team win,0,0.9333333333333332,1.0999999999999999,2,81,2
1991,0,home team win,0,0.09999999999999999,0.39999999999999997,0,13,52
1991,0,away team win,0,0.0,0.19999999999999998,0,14,40
1991,0,away team win,0,0.5,0.3,0,69,82
1991,0,home team win,0,0.7000000000000001,0.3,0,28,49
1991,0,home team win,0,0.19999999999999998,0.09999999999999999,0,21,48
1991,0,away team win,0,0.19999999999999998,0.39999999999999997,0,40,8
1991,0,home team win,0,0.39999999999999997,0.09999999999999999,0,48,48
1991,0,home team win,0,0.19999999999999998,0.3,0,37,49
1991,0,draw,0,2.9,0.19999999999999998,0,13,21
1991,0,away team win,0,0.39999999999999997,2.3999999999999995,0,8,82
1991,0,away team win,0,0.19999999999999998,0.5,0,40,73
1991,0,away team win,0,0.0,0.7000000000000001,0,14,30
1991,4,away team win,0,0.39999999999999997,6.1,0,8,73
1991,0,away team win,0,0.19999999999999998,3.0999999999999996,0,40,82
1991,0,home team win,0,2.1999999999999997,0.09999999999999999,0,13,48
1991,0,home team win,0,3.1999999999999997,1.5999999999999999,0,48,21
1991,0,home team win,0,0.0,0.3,0,14,49
1991,0,away team win,0,0.8999999999999999,2.8,0,37,30
1991,0,home team win,0,2.4999999999999996,3.7,8,48,40
1991,0,home team win,0,0.3,0.0,8,78,14
1991,0,away team win,0,2.3,2.45,8,21,30
1991,0,away team win,0,2.4333333333333336,4.0,8,13,73
1991,0,away team win,0,1.9,0.39999999999999997,9,69,52
1991,0,away team win,0,3.5,2.8666666666666663,9,28,82
1991,0,home team win,0,1.5499999999999998,2.3333333333333335,5,69,30
1991,0,away team win,0,2.4999999999999996,3.3333333333333326,2,48,82
1994,0,home team win,-48,0.7000000000000001,0.0,0,28,6
1994,1,draw,-25,0.39999999999999997,0.6,0,68,70
1994,0,away team win,-40,0.5,0.3,0,15,60
1994,1,away team win,-47,0.39999999999999997,0.39999999999999997,0,37,59
1994,0,draw,-28,0.19999999999999998,0.19999999999999998,0,78,74
1994,0,home team win,0,0.5,0.39999999999999997,0,5,46
1994,0,home team win,35,0.19999999999999998,0.3,0,48,45
1994,0,draw,41,0.5,0.3,0,10,73
1994,0,home team win,-49,1.2999999999999998,0.3,0,8,61
1994,0,home team win,-44,1.2999999999999998,0.3,0,43,62
1994,0,draw,-3,1.4,0.39999999999999997,0,28,72
1994,0,home team win,-46,0.3,0.09999999999999999,0,2,32
1994,0,home team win,0,0.7000000000000001,0.39999999999999997,0,45,9
1994,0,home team win,12,0.8999999999999999,0.5,0,78,15
1994,0,away team win,0,0.3,0.8999999999999999,0,56,74
1994,1,home team win,-47,0.39999999999999997,0.19999999999999998,0,37,52
1994,0,draw,-20,0.6,0.0,0,66,6
1994,0,home team win,-35,0.3,1.0999999999999999,0,41,59
1994,0,home team win,-49,2.6999999999999997,0.5,0,8,10
1994,0,home team win,-41,0.3,0.3,0,69,61
1994,0,home team win,44,1.2,1.2999999999999998,0,5,47
1994,0,home team win,0,0.3,0.39999999999999997,0,58,46
1994,0,home team win,-46,3.0999999999999996,0.7000000000000001,0,2,49
1994,0,away team win,-28,1.2499999999999998,2.3999999999999995,0,78,60
1994,0,home team win,0,0.39999999999999997,0.09999999999999999,0,9,32
1994,0,away team win,40,0.19999999999999998,1.2,0,70,15
1994,0,away team win,45,0.0,1.0999999999999999,0,6,72
1994,0,home team win,-28,1.4,2.0,0,28,70
1994,1,draw,-12,0.75,0.3,0,37,45
1994,0,draw,0,0.39999999999999997,0.19999999999999998,0,55,52
1994,0,home team win,0,0.3,0.5,0,57,10
1994,4,draw,-8,3.05,1.7,0,8,73
1994,0,away team win,44,0.39999999999999997,1.2999999999999998,0,42,47
1994,0,away team win,0,1.2,1.0,0,5,62
1994,2,away team win,-46,2.3999999999999995,0.39999999999999997,0,2,9
1994,0,away team win,0,0.09999999999999999,1.4,0,30,49
1994,1,home team win,-48,1.8666666666666667,0.5,3,28,5
1994,1,home team win,-45,1.7999999999999998,1.95,3,68,74
1994,0,away team win,41,1.7,1.3499999999999999,3,58,73
1994,0,home team win,46,1.0,0.3,3,56,2
1994,0,home team win,-44,2.6999999999999997,1.0999999999999999,3,43,59
1994,0,home team win,-21,2.6999999999999997,0.19999999999999998,3,8,82
1994,0,away team win,47,2.8,0.39999999999999997,3,45,40
1994,1,away team win,-35,1.7,1.0999999999999999,3,41,9
1994,1,home team win,-2,0.8666666666666666,1.7999999999999998,4,37,72
1994,1,away team win,5,2.6999999999999997,1.2999999999999998,4,43,8
1994,0,home team win,48,3.1999999999999997,0.7000000000000001,4,9,30
1994,0,away team win,41,1.7,1.7,4,56,73
1994,0,away team win,47,2.4999999999999996,1.7999999999999998,1,9,40
1994,1,away team win,8,2.3999999999999995,3.3999999999999995,1,69,8
1994,0,home team win,-41,1.3499999999999999,1.0999999999999999,5,69,9
1994,2,home team win,-2,2.466666666666667,1.7999999999999998,2,8,40
1995,1,away team win,8,0.7000000000000001,0.39999999999999997,0,69,8
1995,0,home team win,-23,0.09999999999999999,0.19999999999999998,0,28,43
1995,0,home team win,-42,0.19999999999999998,0.39999999999999997,0,25,11
1995,0,home team win,0,1.2,0.5,0,48,49
1995,0,home team win,0,0.39999999999999997,0.19999999999999998,0,21,3
1995,0,draw,-28,0.3,0.09999999999999999,0,78,13
1995,1,away team win,-24,0.6,0.19999999999999998,0,8,43
1995,1,home team win,7,0.7000000000000001,0.09999999999999999,0,69,30
1995,0,home team win,-28,2.3999999999999995,0.39999999999999997,0,78,21
1995,0,home team win,0,0.09999999999999999,0.19999999999999998,0,13,3
1995,0,home team win,42,6.8,0.19999999999999998,0,48,27
1995,0,draw,0,0.5,1.5999999999999999,0,45,11
1995,0,away team win,-1,1.2999999999999998,1.5,0,8,30
1995,1,home team win,-16,1.65,0.8999999999999999,0,69,43
1995,0,away team win,42,2.5999999999999996,0.5,0,45,27
1995,0,home team win,0,4.7,1.95,0,48,11
1995,0,home team win,0,2.9,0.39999999999999997,0,13,21
1995,0,home team win,-28,2.05,0.8999999999999999,0,78,3
1995,1,away team win,-41,1.6666666666666667,2.1999999999999997,8,69,13
1995,0,home team win,-6,0.7999999999999999,1.65,8,28,27
1995,0,away team win,3,0.3,0.3,8,40,82
1995,1,home team win,0,5.166666666666667,0.75,8,48,21
1995,1,away team win,-28,2.3999999999999995,1.2,9,78,52
1995,0,home team win,-48,1.5,1.5,9,28,13
1995,0,away team win,28,2.55,3.0999999999999996,5,13,82
1995,0,away team win,-48,1.2666666666666668,1.9,2,28,52
1998,2,home team win,-48,0.5,0.09999999999999999,0,8,63
1998,0,draw,0,0.5,1.2999999999999998,0,42,52
1998,0,draw,0,0.39999999999999997,0.7999999999999999,0,10,4
1998,1,draw,-45,0.6,0.6,0,37,12
1998,0,draw,0,0.3,0.39999999999999997,0,50,9
1998,0,away team win,0,0.0,0.09999999999999999,0,58,21
1998,0,home team win,-49,0.09999999999999999,0.19999999999999998,0,27,69
1998,0,away team win,-44,0.7999999999999999,0.09999999999999999,0,68,49
1998,0,away team win,25,0.3,0.19999999999999998,0,66,45
1998,0,draw,-43,1.0,0.39999999999999997,0,43,5
1998,0,home team win,0,0.39999999999999997,0.09999999999999999,0,82,37
1998,0,away team win,0,0.09999999999999999,1.2999999999999998,0,39,17
1998,0,home team win,-25,0.7999999999999999,0.19999999999999998,0,2,43
1998,0,home team win,-16,1.0,0.19999999999999998,0,28,82
1998,0,home team win,-42,0.39999999999999997,0.7000000000000001,0,25,78
1998,1,home team win,0,0.8999999999999999,0.3,0,56,15
1998,0,draw,0,0.09999999999999999,2.6999999999999997,0,59,52
1998,0,home team win,-48,1.9,0.5,0,8,46
1998,0,draw,0,0.6,1.5,0,12,4
1998,0,home team win,-45,2.0,0.39999999999999997,0,37,10
1998,0,draw,0,0.19999999999999998,0.7999999999999999,0,65,21
1998,0,home team win,-49,2.1999999999999997,0.0,0,27,62
1998,1,home team win,0,0.09999999999999999,0.39999999999999997,0,45,9
1998,0,draw,-44,2.1999999999999997,0.3,0,68,54
1998,0,away team win,-22,0.19999999999999998,3.3999999999999995,0,40,17
1998,0,draw,40,0.39999999999999997,2.3,0,5,45
1998,0,home team win,-28,1.0,0.3,0,43,70
1998,0,draw,-46,2.4,0.39999999999999997,0,28,86
1998,0,home team win,-47,1.5,0.09999999999999999,0,2,42
1998,0,away team win,-30,0.19999999999999998,0.09999999999999999,0,78,37
1998,0,home team win,42,1.5999999999999999,0.39999999999999997,0,56,27
1998,0,home team win,0,0.3,0.7000000000000001,0,15,78
1998,0,away team win,0,0.7999999999999999,0.5,0,59,46
1998,0,away team win,-48,2.25,2.3499999999999996,0,8,52
1998,0,draw,0,1.2999999999999998,0.39999999999999997,0,12,10
1998,3,home team win,-45,2.35,1.5,0,37,4
1998,0,home team win,-49,2.55,0.7999999999999999,0,27,21
1998,0,draw,0,0.8999999999999999,0.0,0,65,62
1998,0,away team win,0,0.7999999999999999,0.3,0,45,54
1998,0,home team win,-44,1.5,0.39999999999999997,0,68,9
1998,1,draw,15,1.7999999999999998,0.3,0,5,70
1998,0,draw,-3,2.75,1.95,0,43,45
1998,0,home team win,-46,2.4,0.7999999999999999,0,28,37
1998,0,away team win,-30,0.8999999999999999,1.7999999999999998,0,78,86
1998,0,away team win,42,1.0,1.0999999999999999,0,15,27
1998,0,home team win,-47,2.8999999999999995,2.6999999999999997,0,2,17
1998,0,away team win,-22,0.19999999999999998,0.09999999999999999,0,40,42
1998,0,draw,0,1.9499999999999997,0.7000000000000001,0,56,78
1998,2,home team win,-45,2.2333333333333334,2.466666666666667,3,37,52
1998,1,home team win,-48,1.9,2.0,3,8,12
1998,1,home team win,-49,2.1999999999999997,1.3499999999999999,3,27,54
1998,0,away team win,0,0.7999999999999999,0.7999999999999999,3,45,21
1998,0,home team win,-6,2.4,1.8333333333333333,3,28,45
1998,0,home team win,-43,2.6333333333333333,1.4499999999999997,3,43,86
1998,1,home team win,-5,2.433333333333333,1.4499999999999997,3,2,27
1998,0,away team win,0,1.833333333333333,2.233333333333333,3,56,17
1998,2,away team win,4,2.0,0.09999999999999999,4,37,29
1998,0,home team win,-48,2.3666666666666663,1.5,4,8,21
1998,1,home team win,4,3.0999999999999996,0.7999999999999999,4,43,2
1998,0,away team win,-46,2.4,1.7666666666666664,4,28,17
1998,1,home team win,-5,2.3666666666666663,1.0,1,8,47
1998,0,home team win,-49,1.7333333333333334,2.233333333333333,1,27,17
1998,0,away team win,-43,2.4,2.466666666666667,5,43,17
1998,1,away team win,1,2.3666666666666663,0.09999999999999999,2,8,29
1999,1,home team win,-30,0.6,0.19999999999999998,0,78,21
1999,1,home team win,0,0.39999999999999997,0.3,0,13,73
1999,3,home team win,-8,0.7000000000000001,0.3,0,8,45
1999,0,draw,-22,0.09999999999999999,0.3,0,40,11
1999,1,draw,-1,0.3,0.19999999999999998,0,28,40
1999,0,home team win,0,0.8999999999999999,0.19999999999999998,0,48,61
1999,0,away team win,0,0.19999999999999998,0.09999999999999999,0,46,49
1999,0,draw,0,0.0,0.3,0,3,31
1999,0,home team win,0,1.7999999999999998,1.0,0,13,31
1999,0,away team win,0,0.7,1.0,0,3,73
1999,0,away team win,-22,0.7999999999999999,0.8999999999999999,0,40,61
1999,1,home team win,0,2.3,1.0,0,48,11
1999,3,home team win,-3,5.6,0.8999999999999999,0,8,40
1999,0,home team win,0,0.8999999999999999,0.19999999999999998,0,46,21
1999,0,home team win,-30,2.6999999999999997,1.5,0,78,49
1999,1,home team win,-6,1.0,1.0,0,28,45
1999,0,away team win,0,0.3,1.7,0,29,73
1999,0,away team win,0,0.3,2.3,0,11,61
1999,1,home team win,0,3.55,0.0,0,13,3
1999,0,home team win,22,4.05,0.09999999999999999,0,48,43
1999,0,home team win,-30,4.1,0.19999999999999998,0,78,50
1999,0,away team win,5,0.3,0.5499999999999999,0,41,40
1999,1,draw,2,2.7499999999999996,0.7999999999999999,0,28,8
1999,0,home team win,0,0.09999999999999999,0.5499999999999999,0,45,21
1999,0,home team win,0,3.1999999999999997,2.5333333333333337,8,13,61
1999,1,home team win,0,3.9333333333333327,1.7,8,48,73
1999,1,home team win,16,3.633333333333333,0.3,8,78,30
1999,0,home team win,-48,3.9499999999999997,1.15,8,8,49
1999,0,away team win,0,4.166666666666666,0.39999999999999997,9,48,13
1999,1,home team win,18,3.633333333333333,2.8999999999999995,9,78,8
1999,1,home team win,-30,2.4666666666666663,3.9,2,78,13
1999,0,home team win,-48,3.8333333333333326,0.8999999999999999,5,8,52
2002,0,away team win,-48,0.39999999999999997,0.5,0,27,64
2002,0,draw,0,0.6,0.3,0,55,10
2002,0,away team win,0,0.5,0.7000000000000001,0,79,21
2002,0,home team win,-45,1.2999999999999998,0.7000000000000001,0,28,62
2002,1,home team win,-46,0.39999999999999997,0.7000000000000001,0,2,49
2002,0,draw,0,0.3,0.5,0,50,69
2002,0,draw,-43,0.7000000000000001,0.19999999999999998,0,25,73
2002,0,home team win,-47,0.6,0.3,0,68,68
2002,0,home team win,-41,0.3,0.09999999999999999,0,37,24
2002,0,away team win,38,0.39999999999999997,0.39999999999999997,0,17,45
2002,0,home team win,-49,0.7999999999999999,0.19999999999999998,0,8,79
2002,0,away team win,0,0.0,0.09999999999999999,0,13,16
2002,0,draw,-32,0.19999999999999998,0.3,0,40,5
2002,0,home team win,-25,0.7000000000000001,0.19999999999999998,0,66,56
2002,0,draw,-45,6.8999999999999995,0.6,0,28,59
2002,0,home team win,0,0.19999999999999998,0.09999999999999999,0,57,78
2002,0,home team win,3,0.7000000000000001,0.39999999999999997,0,78,57
2002,0,draw,-48,0.39999999999999997,0.5,0,27,83
2002,0,home team win,0,0.3,0.7000000000000001,0,10,62
2002,0,draw,0,0.7000000000000001,1.2,0,21,64
2002,0,home team win,0,0.19999999999999998,0.7000000000000001,0,69,49
2002,0,home team win,-47,2.6999999999999997,0.3,0,68,54
2002,2,away team win,-3,1.0999999999999999,0.7000000000000001,0,2,27
2002,0,home team win,0,0.5,1.0,0,65,68
2002,0,away team win,-41,1.7,0.39999999999999997,0,37,17
2002,0,home team win,-49,2.1999999999999997,0.0,0,8,13
2002,0,draw,0,0.09999999999999999,0.8999999999999999,0,16,79
2002,0,home team win,-32,1.5999999999999999,0.19999999999999998,0,40,61
2002,0,home team win,-38,0.39999999999999997,0.09999999999999999,0,41,24
2002,0,draw,14,2.1,0.7000000000000001,0,66,82
2002,0,draw,0,0.09999999999999999,1.7,0,74,5
2002,0,home team win,-42,0.39999999999999997,0.19999999999999998,0,53,56
2002,0,home team win,48,1.4,0.39999999999999997,0,21,29
2002,0,draw,0,0.5,0.5,0,60,83
2002,0,away team win,45,1.0,1.2999999999999998,0,10,30
2002,0,away team win,0,0.7000000000000001,1.2999999999999998,0,58,59
2002,0,away team win,47,1.2,0.6,0,65,72
2002,0,away team win,0,0.3,1.0,0,64,54
2002,0,draw,43,0.7000000000000001,1.4,0,45,27
2002,1,draw,46,1.5999999999999999,0.39999999999999997,0,69,2
2002,0,away team win,49,0.7999999999999999,0.7999999999999999,0,16,8
2002,0,home team win,0,0.19999999999999998,0.0,0,75,13
2002,0,home team win,0,0.09999999999999999,1.7999999999999998,0,23,17
2002,0,draw,3,1.7999999999999998,0.3,0,41,40
2002,0,home team win,0,0.3,0.19999999999999998,0,5,61
2002,0,away team win,32,0.7999999999999999,0.19999999999999998,0,74,43
2002,0,home team win,39,0.19999999999999998,1.4,0,52,82
2002,0,away team win,-17,3.1999999999999997,0.7000000000000001,0,53,70
2002,0,away team win,43,1.75,1.05,3,21,27
2002,0,home team win,-45,4.449999999999999,1.7,3,28,54
2002,0,away team win,0,1.2499999999999998,1.2,3,69,64
2002,0,home team win,-47,2.6999999999999997,2.0,3,68,59
2002,0,away team win,1,1.4499999999999997,1.4,3,41,82
2002,0,home team win,-49,2.8999999999999995,1.3499999999999999,3,8,5
2002,0,away team win,-32,1.2499999999999998,0.8999999999999999,3,40,79
2002,0,home team win,16,1.75,1.0,3,66,40
2002,0,away team win,6,1.4,4.3,4,25,8
2002,1,home team win,-6,3.6333333333333333,1.6333333333333333,4,28,82
2002,0,away team win,0,2.5999999999999996,0.8999999999999999,4,60,79
2002,1,away team win,-22,2.2333333333333334,1.4,4,68,70
2002,1,home team win,-20,1.9999999999999998,1.05,1,28,70
2002,1,home team win,-49,2.6666666666666665,0.8999999999999999,1,8,79
2002,0,away team win,-25,1.8666666666666667,0.6666666666666666,5,66,79
2002,1,away team win,4,1.9999999999999998,3.2499999999999996,2,28,8
2003,0,home team win,48,0.19999999999999998,0.7000000000000001,0,48,29
2003,1,away team win,0,0.09999999999999999,0.19999999999999998,0,45,50
2003,0,home team win,-45,0.5,0.6,0,28,11
2003,0,home team win,14,0.3,0.6,0,40,2
2003,1,home team win,-39,0.6,0.19999999999999998,0,78,73
2003,0,home team win,-24,0.39999999999999997,0.09999999999999999,0,8,70
2003,0,away team win,0,0.6,0.3,0,3,61
2003,1,home team win,0,0.3,0.5,0,13,31
2003,0,home team win,46,0.6,0.6,0,11,2
2003,0,home team win,-23,0.7000000000000001,0.09999999999999999,0,27,70
2003,1,away team win,49,1.5999999999999999,0.39999999999999997,0,48,8
2003,1,home team win,-13,3.3,0.3,0,28,43
2003,1,home team win,-39,2.6999999999999997,0.09999999999999999,0,78,49
2003,2,draw,0,1.0,0.6,0,13,3
2003,0,away team win,0,0.5,1.7,0,29,61
2003,0,home team win,0,0.19999999999999998,2.3,0,69,50
2003,2,draw,1,1.4,3.1999999999999997,0,27,8
2003,0,away team win,-25,0.09999999999999999,0.19999999999999998,0,66,52
2003,0,away team win,-1,0.6,0.5,0,2,30
2003,0,home team win,32,2.6999999999999997,0.3,0,11,43
2003,1,home team win,0,0.8999999999999999,0.09999999999999999,0,69,49
2003,0,away team win,39,0.19999999999999998,0.6,0,46,82
2003,0,home team win,0,0.5,1.2999999999999998,0,29,3
2003,1,home team win,0,1.0,2.05,0,13,61
2003,6,away team win,-49,2.4999999999999996,0.8999999999999999,8,8,73
2003,1,home team win,-39,3.4,5.1,8,78,52
2003,0,home team win,-45,2.9499999999999997,1.4666666666666668,8,28,61
2003,0,away team win,0,1.0,1.2999999999999998,8,13,11
2003,0,home team win,0,1.5999999999999999,1.2999999999999998,9,69,11
2003,2,away team win,6,2.6999999999999997,4.699999999999999,9,78,30
2003,0,home team win,-39,2.0,1.2999999999999998,5,78,11
2003,1,home team win,-45,3.7666666666666666,1.2499999999999998,2,28,73
2006,0,home team win,-46,1.2,0.0,0,28,16
2006,0,away team win,0,0.6,0.19999999999999998,0,52,24
2006,1,home team win,-43,1.0999999999999999,0.39999999999999997,0,25,54
2006,0,draw,0,0.19999999999999998,0.09999999999999999,0,73,73
2006,0,home team win,-47,0.7000000000000001,0.5,0,2,41
2006,0,away team win,42,0.0,0.39999999999999997,0,62,47
2006,0,home team win,-35,0.3,1.0,0,41,37
2006,0,away team win,41,0.19999999999999998,1.0,0,1,57
2006,0,home team win,20,0.5,0.39999999999999997,0,3,43
2006,0,away team win,4,0.3,0.6,0,78,19
2006,0,home team win,-48,0.5,0.7999999999999999,0,37,31
2006,0,draw,-44,0.6,0.6,0,27,74
2006,0,home team win,-49,1.2999999999999998,0.3,0,8,17
2006,0,home team win,-18,0.3,0.19999999999999998,0,66,76
2006,0,draw,0,0.3,0.09999999999999999,0,74,62
2006,0,home team win,-46,4.0,0.6,0,28,56
2006,0,home team win,-45,0.39999999999999997,0.6,0,68,80
2006,0,home team win,0,0.09999999999999999,0.39999999999999997,0,69,54
2006,0,home team win,-43,1.7999999999999998,0.19999999999999998,0,25,77
2006,0,home team win,0,0.19999999999999998,1.4,0,23,16
2006,0,home team win,-47,2.1,0.0,0,2,66
2006,0,home team win,-42,0.39999999999999997,1.2,0,43,41
2006,0,draw,-35,2.3999999999999995,0.19999999999999998,0,41,1
2006,0,home team win,-41,1.0,1.7,0,53,37
2006,0,away team win,-40,0.6,0.7999999999999999,0,19,31
2006,2,draw,-12,1.9,0.3,0,37,82
2006,0,home team win,-49,1.9999999999999998,0.5,0,8,3
2006,1,draw,-26,0.6,0.3,0,27,70
2006,0,draw,-20,0.39999999999999997,0.3,0,40,17
2006,0,away team win,0,0.19999999999999998,0.6,0,72,74
2006,0,away team win,0,0.09999999999999999,0.6,0,58,80
2006,0,home team win,-45,3.1999999999999997,0.3,0,68,78
2006,0,away team win,0,0.0,0.6,0,16,56
2006,0,away team win,46,2.3,1.2,0,23,30
2006,0,home team win,0,0.39999999999999997,0.19999999999999998,0,50,77
2006,0,draw,43,0.7999999999999999,1.0999999999999999,0,69,27
2006,2,draw,5,1.7999999999999998,0.7000000000000001,0,43,2
2006,0,home team win,0,0.5,0.0,0,38,66
2006,0,home team win,-6,2.4,0.3,0,53,45
2006,0,draw,0,1.0,0.19999999999999998,0,35,1
2006,0,away team win,8,0.6,0.5,0,19,40
2006,0,home team win,36,0.7999999999999999,1.0,0,29,82
2006,0,draw,0,0.3,0.5,0,17,3
2006,1,away team win,29,0.39999999999999997,1.2999999999999998,0,40,8
2006,0,home team win,18,0.6,1.0,0,70,70
2006,0,away team win,44,0.19999999999999998,0.6,0,72,29
2006,0,away team win,45,0.09999999999999999,0.39999999999999997,0,58,72
2006,0,home team win,0,0.6,1.0,0,76,78
2006,2,home team win,-46,2.95,0.09999999999999999,3,28,73
2006,1,home team win,-12,3.5,1.0,3,2,45
2006,0,home team win,-43,2.1499999999999995,1.5999999999999999,3,25,24
2006,0,home team win,1,2.4,1.0999999999999999,3,53,47
2006,0,home team win,-48,1.5499999999999998,1.2,3,37,3
2006,0,away team win,0,2.0,2.0,3,70,80
2006,0,home team win,-49,2.3499999999999996,1.5,3,8,31
2006,0,away team win,-1,2.8499999999999996,2.0,3,68,29
2006,0,home team win,-48,1.4333333333333331,1.5333333333333332,4,37,80
2006,1,home team win,1,2.833333333333333,0.7000000000000001,4,28,2
2006,1,away team win,-2,2.033333333333333,1.7,4,25,57
2006,1,away team win,-5,2.6999999999999997,2.35,4,8,29
2006,1,away team win,2,2.1333333333333333,1.9,1,28,40
2006,0,away team win,3,2.166666666666667,2.0,1,53,29
2006,0,home team win,-5,1.9,1.35,5,28,57
2006,2,home team win,-4,1.6666666666666667,1.7666666666666666,2,37,29
2007,2,home team win,1,0.5,0.6,0,28,2
2007,0,draw,0,0.19999999999999998,0.19999999999999998,0,45,73
2007,2,draw,-36,0.6,0.3,0,78,50
2007,0,draw,23,0.39999999999999997,0.19999999999999998,0,40,27
2007,1,away team win,0,0.3,0.39999999999999997,0,29,3
2007,0,away team win,49,0.19999999999999998,0.6,0,44,8
2007,2,home team win,0,0.39999999999999997,0.6,0,48,11
2007,1,home team win,0,0.39999999999999997,0.39999999999999997,0,13,21
2007,0,draw,3,0.19999999999999998,0.5,0,25,30
2007,1,home team win,0,0.3,0.19999999999999998,0,46,49
2007,1,away team win,-27,0.6,0.6,0,2,43
2007,0,away team win,36,0.3,0.6,0,69,82
2007,1,home team win,-49,0.8999999999999999,0.39999999999999997,0,8,13
2007,0,draw,0,0.39999999999999997,0.39999999999999997,0,3,52
2007,0,home team win,0,0.39999999999999997,0.3,0,11,31
2007,1,home team win,0,0.39999999999999997,0.19999999999999998,0,21,48
2007,3,home team win,4,0.19999999999999998,0.6,0,25,2
2007,2,home team win,-26,8.2,1.2999999999999998,0,28,43
2007,0,away team win,36,0.8999999999999999,2.0,0,45,82
2007,0,away team win,0,1.7,1.0,0,46,73
2007,0,draw,0,1.0999999999999999,1.0999999999999999,0,3,11
2007,0,home team win,0,1.7999999999999998,0.3,0,48,31
2007,1,home team win,-49,3.6999999999999997,1.7999999999999998,0,8,21
2007,1,home team win,0,2.4999999999999996,0.19999999999999998,0,13,48
2007,0,home team win,-46,5.05,1.7,8,28,50
2007,1,home team win,7,2.0,1.5999999999999999,8,78,27
2007,0,home team win,0,3.55,0.39999999999999997,8,48,13
2007,1,home team win,-49,2.65,3.1999999999999997,8,8,3
2007,0,home team win,-46,4.2333333333333325,1.0999999999999999,9,28,52
2007,2,away team win,13,2.35,4.4,9,78,8
2007,1,home team win,3,2.3666666666666663,4.05,2,28,8
2007,1,away team win,36,2.7333333333333334,1.65,5,48,82
2010,1,draw,-3,0.7000000000000001,0.3,0,79,29
2010,0,draw,34,0.7999999999999999,0.7999999999999999,0,65,45
2010,0,home team win,-10,0.19999999999999998,0.19999999999999998,0,66,32
2010,2,home team win,-45,1.0,0.39999999999999997,0,2,49
2010,0,draw,-7,0.7999999999999999,0.7000000000000001,0,25,82
2010,0,away team win,0,0.09999999999999999,0.7999999999999999,0,0,68
2010,0,away team win,0,0.39999999999999997,0.3,0,61,31
2010,0,home team win,-47,0.8999999999999999,0.39999999999999997,0,28,3
2010,0,home team win,-48,1.2,0.19999999999999998,0,43,21
2010,0,home team win,-22,0.09999999999999999,0.5,0,40,10
2010,1,draw,-41,0.19999999999999998,0.5,0,37,54
2010,0,home team win,-46,1.0,0.3,0,8,50
2010,0,draw,0,0.3,0.39999999999999997,0,44,67
2010,0,draw,42,0.39999999999999997,0.6,0,38,57
2010,0,away team win,0,0.19999999999999998,0.7000000000000001,0,32,12
2010,2,away team win,-49,1.0,0.19999999999999998,0,68,74
2010,0,away team win,43,1.5,0.7000000000000001,0,65,83
2010,2,away team win,-6,0.3,1.5,0,27,45
2010,1,home team win,-35,1.7,0.19999999999999998,0,2,70
2010,0,home team win,0,0.19999999999999998,0.39999999999999997,0,30,49
2010,0,draw,-44,1.5,0.09999999999999999,0,25,0
2010,0,draw,37,0.7999999999999999,1.4,0,64,82
2010,0,away team win,-47,3.6999999999999997,0.39999999999999997,0,28,65
2010,0,home team win,-26,2.5999999999999996,0.09999999999999999,0,43,43
2010,1,draw,0,0.3,0.39999999999999997,0,29,3
2010,0,away team win,0,0.5,0.19999999999999998,0,10,21
2010,0,away team win,0,0.39999999999999997,1.2,0,63,54
2010,0,draw,-41,0.8999999999999999,0.3,0,37,48
2010,0,home team win,-46,2.4,0.39999999999999997,0,8,41
2010,1,home team win,0,0.7000000000000001,0.8999999999999999,0,12,74
2010,0,home team win,-49,1.0,0.19999999999999998,0,68,34
2010,1,home team win,-42,0.6,1.0,0,53,50
2010,1,away team win,-40,0.3,0.7999999999999999,0,27,69
2010,0,away team win,9,0.7999999999999999,2.8,0,41,83
2010,0,away team win,45,1.5999999999999999,1.0,0,30,2
2010,0,draw,10,0.39999999999999997,0.8999999999999999,0,45,70
2010,0,away team win,44,2.1999999999999997,0.7999999999999999,0,64,27
2010,0,home team win,-37,0.7000000000000001,0.09999999999999999,0,78,0
2010,0,home team win,0,0.39999999999999997,1.0999999999999999,0,3,65
2010,0,away team win,47,1.0,0.8999999999999999,0,29,30
2010,0,away team win,22,0.19999999999999998,0.09999999999999999,0,21,43
2010,0,away team win,48,1.2,1.2,0,10,47
2010,0,draw,0,0.5,1.0,0,50,48
2010,0,home team win,41,0.39999999999999997,0.19999999999999998,0,63,40
2010,0,away team win,0,0.3,1.0999999999999999,0,46,41
2010,1,draw,4,5.499999999999999,1.0,0,53,8
2010,0,away team win,49,1.4,1.0,0,12,72
2010,0,draw,0,0.19999999999999998,0.19999999999999998,0,70,34
2010,1,home team win,-33,0.7000000000000001,1.2499999999999998,3,79,70
2010,0,away team win,-37,1.4,1.0,3,78,31
2010,2,home team win,-11,2.75,1.8499999999999996,3,2,45
2010,1,home team win,-3,2.3,1.5,3,28,27
2010,0,home team win,-48,2.25,1.0999999999999999,3,43,67
2010,2,home team win,-46,2.75,1.4,3,8,12
2010,0,home team win,22,0.5,1.15,3,50,43
2010,0,home team win,-7,1.7,0.6,3,68,57
2010,1,home team win,-2,2.3666666666666667,1.0,4,43,8
2010,0,home team win,-43,1.4,1.3499999999999999,4,79,31
2010,0,away team win,2,2.8666666666666663,1.5999999999999999,4,2,30
2010,0,away team win,49,0.5,2.4,4,50,72
2010,0,away team win,5,1.4,2.5999999999999996,1,79,47
2010,0,away team win,2,2.7666666666666666,2.05,1,28,72
2010,0,away team win,4,1.8666666666666667,2.65,5,79,30
2010,0,away team win,1,2.3666666666666667,1.9333333333333331,2,43,72
2011,0,away team win,40,0.8999999999999999,0.5,0,45,29
2011,1,home team win,-47,0.39999999999999997,0.3,0,28,11
2011,0,home team win,-22,0.3,0.09999999999999999,0,40,48
2011,0,draw,10,0.39999999999999997,0.39999999999999997,0,41,27
2011,0,away team win,0,0.39999999999999997,0.5,0,15,73
2011,2,home team win,-37,0.09999999999999999,0.3,0,78,50
2011,0,home team win,0,0.3,0.19999999999999998,0,48,28
2011,2,home team win,-46,0.3,0.5,0,8,3
2011,0,away team win,40,0.3,1.2,0,11,29
2011,1,home team win,-47,1.7999999999999998,0.8999999999999999,0,28,49
2011,0,home team win,12,1.7,0.39999999999999997,0,40,45
2011,0,away team win,44,0.09999999999999999,1.0999999999999999,0,44,27
2011,1,home team win,-37,1.5,0.39999999999999997,0,78,15
2011,0,away team win,0,0.3,1.2,0,46,73
2011,2,home team win,-46,1.0,0.3,0,8,52
2011,0,home team win,0,0.5,0.19999999999999998,0,3,28
2011,0,home team win,-22,0.39999999999999997,0.3,0,25,43
2011,0,draw,34,0.7999999999999999,0.39999999999999997,0,44,45
2011,0,away team win,0,0.3,0.8999999999999999,0,11,49
2011,0,away team win,7,0.5,0.39999999999999997,0,27,30
2011,0,home team win,0,2.5999999999999996,0.3,0,3,52
2011,0,away team win,46,0.19999999999999998,0.3,0,26,8
2011,0,draw,0,0.3,0.39999999999999997,0,46,15
2011,0,home team win,37,0.5,0.09999999999999999,0,69,82
2011,3,away team win,-25,1.4499999999999997,0.3,8,28,43
2011,2,away team win,-4,1.7999999999999998,2.25,8,25,29
2011,1,home team win,0,1.9,0.5,8,69,3
2011,2,away team win,-9,1.7,0.7999999999999999,8,8,82
2011,0,away team win,-3,1.9,1.15,9,27,82
2011,0,home team win,-22,2.3999999999999995,1.2,9,40,73
2011,0,home team win,40,2.25,1.9,5,69,29
2011,0,home team win,15,2.3999999999999995,1.5,2,40,82
2014,1,home team win,-47,1.0,0.5,0,8,17
2014,0,home team win,-40,0.5,0.39999999999999997,0,12,3
2014,1,away team win,-1,0.5,0.39999999999999997,0,68,47
2014,0,home team win,-34,0.3,0.39999999999999997,0,41,10
2014,0,home team win,0,0.6,0.19999999999999998,0,15,32
2014,0,away team win,0,0.39999999999999997,0.19999999999999998,0,79,16
2014,0,away team win,-41,0.5,0.09999999999999999,0,25,40
2014,0,home team win,5,0.5,0.7999999999999999,0,38,43
2014,0,home team win,0,0.5,0.39999999999999997,0,70,24
2014,0,home team win,-45,1.2999999999999998,0.39999999999999997,0,27,34
2014,0,home team win,-48,0.5,0.3,0,2,7
2014,2,away team win,25,0.39999999999999997,0.39999999999999997,0,29,82
2014,1,home team win,-7,0.7999999999999999,0.6,0,28,57
2014,0,draw,0,0.3,0.3,0,35,49
2014,0,home team win,-46,0.7999999999999999,0.7000000000000001,0,5,0
2014,4,draw,-13,3.0999999999999996,0.3,0,8,45
2014,0,draw,-5,0.39999999999999997,0.19999999999999998,0,57,70
2014,0,away team win,0,0.39999999999999997,1.2,0,10,17
2014,0,away team win,43,0.39999999999999997,3.9,0,3,47
2014,2,away team win,-4,1.2,0.5,0,68,12
2014,0,draw,-5,0.7999999999999999,0.19999999999999998,0,40,32
2014,1,home team win,41,1.0999999999999999,0.5,0,79,27
2014,0,home team win,0,2.6999999999999997,0.5,0,15,41
2014,0,away team win,0,0.09999999999999999,2.3,0,37,16
2014,0,away team win,45,1.9,1.2999999999999998,0,70,29
2014,0,away team win,0,0.39999999999999997,1.0999999999999999,0,32,24
2014,0,home team win,-48,1.9,0.3,0,2,37
2014,1,draw,-49,3.5999999999999996,0.39999999999999997,0,28,31
2014,0,home team win,0,0.3,1.0,0,45,7
2014,0,away team win,5,0.19999999999999998,1.4,0,66,0
2014,1,draw,17,0.39999999999999997,0.6,0,78,57
2014,1,home team win,-46,2.1999999999999997,0.39999999999999997,0,5,61
2014,0,away team win,44,1.7999999999999998,0.5,0,3,72
2014,0,home team win,-3,0.39999999999999997,1.9,0,43,12
2014,0,away team win,47,0.39999999999999997,1.0,0,10,8
2014,0,away team win,34,0.5,0.3,0,17,45
2014,0,draw,41,0.19999999999999998,1.2,0,16,27
2014,1,away team win,0,0.09999999999999999,0.39999999999999997,0,37,83
2014,0,away team win,-5,0.7999999999999999,0.6,0,40,15
2014,0,home team win,0,0.19999999999999998,1.2,0,30,41
2014,0,draw,45,0.39999999999999997,4.8,0,23,29
2014,0,away team win,0,1.0999999999999999,0.5,0,32,74
2014,0,home team win,0,0.3,0.3,0,7,37
2014,0,away team win,48,1.0,0.5,0,45,2
2014,0,home team win,-42,0.6,1.7999999999999998,0,53,31
2014,2,away team win,24,1.7999999999999998,0.7999999999999999,0,78,30
2014,0,draw,0,0.7000000000000001,0.39999999999999997,0,0,61
2014,0,away team win,51,1.5999999999999999,0.7999999999999999,0,66,5
2014,3,home team win,-7,2.05,1.2,3,8,12
2014,0,home team win,0,2.35,1.0999999999999999,3,15,83
2014,0,home team win,0,0.19999999999999998,0.19999999999999998,3,16,32
2014,0,home team win,-9,1.7999999999999998,1.3499999999999999,3,43,45
2014,1,home team win,-45,3.3999999999999995,0.3,3,27,49
2014,0,home team win,-49,2.8999999999999995,2.45,3,28,0
2014,1,home team win,-48,1.5499999999999998,2.5999999999999996,3,2,74
2014,0,home team win,-21,1.8499999999999996,1.7999999999999998,3,5,82
2014,0,away team win,4,3.05,1.5,4,27,30
2014,0,home team win,-47,1.9333333333333331,3.4,4,8,15
2014,1,home team win,-2,1.4333333333333331,1.5,4,2,5
2014,0,home team win,-43,1.7999999999999998,1.5999999999999999,4,43,16
2014,1,away team win,2,1.7,1.5,1,8,30
2014,2,away team win,5,1.3333333333333333,2.5999999999999996,1,43,2
2014,2,away team win,-4,1.9333333333333331,3.1999999999999997,5,8,47
2014,4,home team win,-1,2.6666666666666665,1.5499999999999998,2,28,2
2015,1,home team win,0,0.3,0.7000000000000001,0,11,13
2015,0,away team win,43,0.09999999999999999,0.7000000000000001,0,44,47
2015,0,home team win,0,0.0,0.3,0,48,75
2015,0,home team win,-49,0.5,0.3,0,28,41
2015,2,draw,0,0.5,0.3,0,69,49
2015,0,home team win,0,0.7000000000000001,0.6,0,10,24
2015,1,home team win,-25,0.7000000000000001,0.3,0,78,3
2015,0,home team win,-5,1.2999999999999998,0.5,0,40,74
2015,1,home team win,-4,0.6,0.39999999999999997,0,27,27
2015,0,draw,-44,0.0,0.39999999999999997,0,68,16
2015,0,draw,34,1.0,0.39999999999999997,0,15,45
2015,1,home team win,-52,0.6,0.39999999999999997,0,8,70
2015,0,away team win,0,0.3,0.3,0,38,75
2015,0,draw,0,1.0,0.09999999999999999,0,11,48
2015,0,home team win,43,0.7000000000000001,1.4,0,13,47
2015,1,draw,-49,7.4,0.0,0,28,52
2015,1,home team win,0,0.6,0.6,0,70,24
2015,0,home team win,0,0.3,2.3999999999999995,0,3,49
2015,1,home team win,-5,1.9999999999999998,0.7000000000000001,0,40,10
2015,3,draw,-25,2.8999999999999995,0.3,0,78,73
2015,0,draw,5,0.5,0.8999999999999999,0,66,16
2015,0,away team win,-45,1.2999999999999998,1.0,0,27,15
2015,3,home team win,-3,1.7999999999999998,0.19999999999999998,0,8,72
2015,1,home team win,-7,0.39999999999999997,1.0999999999999999,0,25,45
2015,0,away team win,49,0.3,0.39999999999999997,0,71,30
2015,0,away team win,0,1.7,0.7,0,38,52
2015,2,draw,0,1.4,0.09999999999999999,0,13,48
2015,0,draw,-43,0.7000000000000001,0.3,0,43,11
2015,0,away team win,25,0.3,0.7999999999999999,0,45,82
2015,0,draw,0,1.7,0.3,0,3,73
2015,0,away team win,0,7.6,1.4,0,70,10
2015,0,away team win,5,0.6,1.2999999999999998,0,23,43
2015,0,away team win,47,0.19999999999999998,0.39999999999999997,0,16,8
2015,1,home team win,49,1.9,0.19999999999999998,0,66,72
2015,1,away team win,11,0.39999999999999997,0.5,0,41,29
2015,1,home team win,-41,1.7999999999999998,2.4,0,25,15
2015,3,home team win,-49,4.25,0.6499999999999999,3,28,73
2015,0,home team win,0,1.75,1.75,3,13,10
2015,3,away team win,-47,1.4499999999999997,1.0,3,8,3
2015,1,home team win,-50,0.85,0.5,3,27,70
2015,0,home team win,0,0.6499999999999999,0.6,3,11,74
2015,1,away team win,41,2.8,0.39999999999999997,3,48,27
2015,2,home team win,-25,1.8499999999999996,2.05,3,78,15
2015,0,home team win,38,2.3499999999999996,1.05,3,40,47
2015,2,home team win,-4,3.9,4.0,8,28,29
2015,0,away team win,25,1.6333333333333333,1.5,8,13,82
2015,1,away team win,5,1.3499999999999999,1.9999999999999998,8,3,43
2015,1,home team win,-41,1.7999999999999998,1.0,8,25,11
2015,2,home team win,24,1.9666666666666668,3.1999999999999997,9,78,30
2015,0,home team win,36,2.466666666666667,1.0999999999999999,9,40,27
2015,2,away team win,-8,1.7999999999999998,1.0999999999999999,5,28,27
2015,2,home team win,-20,1.7333333333333332,1.9999999999999998,2,78,43
2018,0,home team win,0,0.19999999999999998,0.19999999999999998,0,57,62
2018,0,draw,1,0.5,0.7999999999999999,0,53,72
2018,0,away team win,0,0.09999999999999999,0.6,0,24,83
2018,0,away team win,0,0.5,0.3,0,42,37
2018,0,home team win,-49,0.6,0.6,0,27,3
2018,0,draw,-44,0.7000000000000001,0.5,0,2,36
2018,0,away team win,0,0.5,0.19999999999999998,0,51,21
2018,0,home team win,-48,0.3,0.19999999999999998,0,17,49
2018,0,away team win,0,0.39999999999999997,0.7000000000000001,0,16,65
2018,2,away team win,-3,0.3,0.09999999999999999,0,28,45
2018,0,draw,-45,0.6,0.8999999999999999,0,8,74
2018,0,home team win,22,0.0,0.09999999999999999,0,69,70
2018,0,home team win,-47,0.7000000000000001,0.09999999999999999,0,5,53
2018,0,away team win,46,0.39999999999999997,0.5,0,74,27
2018,0,home team win,0,3.7,0.09999999999999999,0,57,25
2018,1,away team win,26,0.3,0.39999999999999997,0,15,43
2018,0,away team win,0,0.8999999999999999,0.3,0,52,64
2018,0,home team win,0,0.6,0.19999999999999998,0,79,62
2018,0,away team win,43,0.3,2.8999999999999995,0,35,72
2018,0,home team win,-42,2.5999999999999996,0.5,0,53,46
2018,0,home team win,-49,2.0,0.5,0,27,55
2018,1,away team win,4,1.4,0.3,0,2,17
2018,1,draw,0,0.19999999999999998,1.2999999999999998,0,21,3
2018,3,home team win,-45,1.2999999999999998,0.39999999999999997,0,8,16
2018,0,home team win,0,0.19999999999999998,1.2,0,45,36
2018,0,away team win,0,0.7000000000000001,1.5999999999999999,0,61,74
2018,0,home team win,-47,2.8,0.39999999999999997,0,5,78
2018,0,away team win,16,0.09999999999999999,0.7999999999999999,0,66,45
2018,4,home team win,-41,0.3,0.0,0,28,73
2018,0,home team win,-46,0.5,0.09999999999999999,0,25,53
2018,0,draw,-26,0.39999999999999997,1.7,0,40,64
2018,0,away team win,0,1.5999999999999999,0.3,0,52,15
2018,0,home team win,0,0.19999999999999998,0.7999999999999999,0,58,25
2018,0,home team win,0,1.2999999999999998,0.19999999999999998,0,79,61
2018,0,draw,-43,0.7999999999999999,0.5,0,68,46
2018,0,draw,42,0.3,0.5,0,35,57
2018,0,away team win,48,0.5,2.3999999999999995,0,34,17
2018,0,away team win,44,1.5999999999999999,0.7000000000000001,0,45,2
2018,0,away team win,0,0.6,0.5,0,3,55
2018,1,draw,49,0.8999999999999999,0.6,0,21,29
2018,0,home team win,19,0.7999999999999999,0.3,0,66,30
2018,0,away team win,-38,0.09999999999999999,0.7,0,41,73
2018,0,away team win,45,1.4,0.6,0,61,8
2018,0,draw,0,0.8999999999999999,0.39999999999999997,0,70,16
2018,1,away team win,1,4.699999999999999,0.7000000000000001,0,25,5
2018,0,away team win,0,0.09999999999999999,1.7999999999999998,0,49,78
2018,0,away team win,-26,1.7999999999999998,0.8999999999999999,0,40,56
2018,0,away team win,0,0.3,2.3999999999999995,0,60,15
2018,0,home team win,-5,1.65,2.1,3,27,2
2018,0,home team win,42,2.0,1.2,3,79,57
2018,0,away team win,-43,2.1999999999999997,0.19999999999999998,3,68,61
2018,0,home team win,-48,1.7,0.8999999999999999,3,17,21
2018,4,home team win,-7,1.65,1.15,3,8,45
2018,0,home team win,-21,3.5,1.7999999999999998,3,5,43
2018,0,home team win,0,0.7,1.9499999999999997,3,69,74
2018,0,away team win,46,1.0,1.9,3,15,27
2018,1,away team win,49,2.0,0.6,4,79,29
2018,1,away team win,2,1.7666666666666666,1.4,4,8,5
2018,0,away team win,48,3.0,2.05,4,57,17
2018,0,away team win,46,0.7,1.5499999999999998,4,69,27
2018,2,home team win,-2,2.2333333333333334,1.75,1,27,5
2018,0,home team win,-2,1.3499999999999999,1.6666666666666667,1,17,27
2018,1,home team win,-1,3.2666666666666666,1.4333333333333331,5,5,27
2018,1,home team win,-1,2.0,1.9333333333333333,2,27,17
2019,2,home team win,-27,0.5,0.3,0,27,70
2019,1,home team win,-41,0.6,0.39999999999999997,0,28,13
2019,1,home team win,-43,0.6,0.39999999999999997,0,68,69
2019,1,home team win,0,0.5,0.3,0,48,49
2019,0,home team win,-46,0.6,0.09999999999999999,0,25,63
2019,0,away team win,0,0.7999999999999999,0.3,0,3,40
2019,0,home team win,-45,0.6,0.09999999999999999,0,8,42
2019,1,draw,-18,0.7000000000000001,0.39999999999999997,0,2,43
2019,0,home team win,0,0.3,0.19999999999999998,0,11,10
2019,0,away team win,40,0.0,0.39999999999999997,0,44,47
2019,0,away team win,0,0.39999999999999997,0.3,0,12,73
2019,0,home team win,-37,0.09999999999999999,0.19999999999999998,0,78,75
2019,0,home team win,-49,3.3,0.5,0,27,52
2019,0,home team win,2,1.2999999999999998,0.6,0,28,72
2019,0,home team win,22,0.09999999999999999,0.39999999999999997,0,45,70
2019,1,home team win,45,1.5,1.2,0,3,8
2019,0,away team win,0,0.39999999999999997,0.39999999999999997,0,65,13
2019,0,home team win,-26,0.39999999999999997,0.7999999999999999,0,40,63
2019,0,away team win,0,0.09999999999999999,1.7,0,39,40
2019,4,home team win,-2,2.0,0.7000000000000001,0,25,2
2019,1,home team win,-40,0.39999999999999997,0.3,0,43,10
2019,0,home team win,0,1.0,0.0,0,11,48
2019,0,home team win,0,0.3,0.19999999999999998,0,69,75
2019,0,home team win,-37,9.2,0.39999999999999997,0,78,12
2019,0,draw,43,0.39999999999999997,0.6,0,13,72
2019,0,away team win,41,0.3,0.6,0,65,30
2019,0,away team win,49,1.5,0.5,0,45,29
2019,0,away team win,-22,0.39999999999999997,1.2,0,66,52
2019,2,away team win,45,0.3,2.5999999999999996,0,37,8
2019,0,away team win,0,0.09999999999999999,0.7999999999999999,0,39,3
2019,0,draw,44,0.09999999999999999,0.7000000000000001,0,59,2
2019,1,away team win,20,1.7999999999999998,0.6,0,40,27
2019,0,away team win,0,0.19999999999999998,0.39999999999999997,0,71,12
2019,1,away team win,37,3.8,0.09999999999999999,0,69,82
2019,0,home team win,-40,2.4999999999999996,0.3,0,43,11
2019,0,home team win,0,0.3,0.0,0,10,48
2019,2,home team win,-41,1.2999999999999998,0.09999999999999999,3,28,49
2019,0,home team win,0,2.5999999999999996,3.5999999999999996,3,48,3
2019,1,home team win,-46,1.65,0.6499999999999999,3,25,10
2019,3,home team win,-4,2.5999999999999996,2.25,3,27,8
2019,1,away team win,-6,2.6999999999999997,1.5,3,68,82
2019,1,home team win,0,2.05,1.0,3,69,11
2019,1,home team win,-14,2.15,0.39999999999999997,3,43,43
2019,0,home team win,0,0.3,0.75,3,37,13
2019,1,away team win,46,1.9,2.0,8,48,27
2019,0,away team win,-12,2.3666666666666663,1.5,8,27,82
2019,0,away team win,40,1.0,1.0999999999999999,8,37,47
2019,5,away team win,-41,1.7666666666666666,1.7,8,28,73
2019,0,away team win,-9,2.0,1.5,9,25,82
2019,0,home team win,-40,2.033333333333333,1.7,9,43,73
2019,1,away team win,-46,1.7666666666666666,1.2333333333333332,5,25,73
2019,0,home team win,3,5.699999999999999,1.4499999999999997,2,78,47
2022,0,away team win,27,0.39999999999999997,0.09999999999999999,0,54,24
2022,0,draw,-33,0.3,0.09999999999999999,0,78,84
2022,0,home team win,-16,0.6,0.19999999999999998,0,25,37
2022,0,away team win,6,0.5,0.7999999999999999,0,60,47
2022,0,away team win,-49,1.0999999999999999,0.19999999999999998,0,2,62
2022,0,draw,0,0.7000000000000001,0.39999999999999997,0,21,78
2022,0,draw,-35,0.7000000000000001,0.39999999999999997,0,41,56
2022,1,home team win,-25,1.0,0.5,0,27,3
2022,0,draw,-4,0.5,0.39999999999999997,0,42,17
2022,3,away team win,-8,0.39999999999999997,0.5,0,28,43
2022,0,home team win,-28,1.0,0.6,0,68,16
2022,0,home team win,-21,0.6,0.39999999999999997,0,5,11
2022,1,home team win,-44,0.8999999999999999,0.6,0,8,65
2022,0,home team win,-14,0.19999999999999998,0.19999999999999998,0,70,10
2022,2,draw,-9,0.7000000000000001,0.39999999999999997,0,79,70
2022,1,home team win,-30,1.0,0.3,0,53,31
2022,0,draw,-15,0.7999999999999999,1.5,0,43,24
2022,0,draw,-13,4.799999999999999,0.3,0,25,82
2022,0,away team win,30,0.09999999999999999,1.5999999999999999,0,80,37
2022,0,away team win,36,0.39999999999999997,0.5,0,54,64
2022,3,home team win,-14,1.7999999999999998,0.7000000000000001,0,2,45
2022,1,home team win,-48,3.8,0.7000000000000001,0,27,21
2022,0,away team win,23,0.39999999999999997,1.2,0,74,3
2022,0,home team win,0,0.39999999999999997,1.5999999999999999,0,52,62
2022,0,away team win,-13,0.5,0.6,0,40,16
2022,1,away team win,2,1.2999999999999998,0.5,0,5,46
2022,0,home team win,-19,0.39999999999999997,0.39999999999999997,0,17,11
2022,1,draw,-7,5.8999999999999995,0.39999999999999997,0,68,30
2022,0,draw,-17,0.19999999999999998,0.6,0,10,65
2022,0,away team win,-10,0.39999999999999997,1.7,0,66,31
2022,0,home team win,-13,2.3,0.19999999999999998,0,8,74
2022,0,home team win,-11,3.0999999999999996,0.7000000000000001,0,53,83
2022,0,away team win,9,0.09999999999999999,2.5999999999999996,0,23,64
2022,0,home team win,-42,1.5,0.39999999999999997,0,43,58
2022,1,away team win,3,0.19999999999999998,0.3,0,35,82
2022,0,away team win,46,0.09999999999999999,0.6,0,80,27
2022,1,away team win,49,1.7999999999999998,1.0999999999999999,0,52,2
2022,0,away team win,35,0.19999999999999998,0.7000000000000001,0,58,45
2022,0,home team win,-23,0.5,1.4,0,3,21
2022,0,home team win,48,0.39999999999999997,1.0,0,74,29
2022,0,home team win,15,0.5,1.0,0,40,72
2022,0,away team win,21,0.6,1.0999999999999999,0,16,30
2022,0,away team win,23,0.39999999999999997,1.9,0,11,46
2022,0,draw,2,3.1999999999999997,0.6,0,17,5
2022,0,away team win,19,0.3,0.7000000000000001,0,29,83
2022,1,home team win,20,1.7999999999999998,1.0,0,66,57
2022,0,home team win,27,2.3,0.8999999999999999,0,10,8
2022,0,away team win,31,0.6,0.19999999999999998,0,61,74
2022,0,home team win,-9,1.8499999999999996,0.6499999999999999,3,43,82
2022,0,home team win,-26,2.1499999999999995,1.2,3,2,3
2022,0,home team win,-48,3.0999999999999996,0.39999999999999997,3,27,56
2022,0,home team win,-10,2.6999999999999997,2.25,3,25,64
2022,0,away team win,7,1.2,0.39999999999999997,3,40,17
2022,2,home team win,-19,1.9499999999999997,0.39999999999999997,3,8,70
2022,0,home team win,4,0.5,1.7,3,42,72
2022,0,home team win,-14,2.75,1.2499999999999998,3,53,74
2022,0,home team win,5,1.7999999999999998,0.8999999999999999,4,17,8
2022,2,away team win,7,2.1999999999999997,2.5,4,43,2
2022,1,home team win,2,0.5,1.7,4,42,57
2022,2,away team win,2,2.6999999999999997,1.0,4,25,29
2022,1,home team win,-10,2.2666666666666666,0.75,1,2,17
2022,0,home team win,-5,3.0999999999999996,1.9,1,27,46
2022,0,home team win,4,1.5666666666666667,1.4333333333333331,5,17,46
2022,2,home team win,-1,2.7333333333333334,1.7,2,2,29
